{"cameraMode":{"drawMode":0,"name":"Shaded","section":"Shading Mode"},"sceneLighting":true,"audioPlay":false,"sceneViewState":{"m_AlwaysRefresh":false,"showFog":true,"showSkybox":true,"showFlares":true,"showImageEffects":true,"showParticleSystems":true,"showVisualEffectGraphs":true,"m_FxEnabled":true},"in2DMode":false,"pivot":{"x":-1.1168277263641358,"y":15.549053192138672,"z":-3.4788742065429689},"rotation":{"x":-0.2013290673494339,"y":0.02996537834405899,"z":-0.006162365432828665,"w":-0.9790505766868591},"size":12.14254379272461,"orthographic":false}